Date,Return,Value,Holdings,CSI300,ChiNext
2024-09-03,0.002482347793441536,1.0024823477934415,"SHSE.513750,SZSE.159566,SHSE.515220,SZSE.159691,SHSE.512070,SZSE.159731,SZSE.159732,SZSE.159869,SHSE.515100,SHSE.512170",1.003601210293924,1.0119442601194426
2024-09-04,-0.008132536397725657,0.9943296236119338,"SZSE.159566,SHSE.516520,SZSE.159869,SHSE.512200,SHSE.513750,SHSE.515220,SHSE.560280,SHSE.513550,SZSE.159570,SHSE.512800",0.9972986985497514,1.0119442601194426
2024-09-05,0.0036575740303409292,0.9979664578208554,"SZSE.159566,SHSE.512670,SHSE.510720,SHSE.560280,SHSE.512880,SZSE.159732,SHSE.513660,SHSE.513750,SZSE.159570,SZSE.159611",0.9993996407924238,1.0192435301924354
2024-09-06,-0.012947452561236392,0.9850453344505147,"SZSE.159851,SHSE.513750,SHSE.588830,SZSE.159566,SZSE.159570,SHSE.515880,SZSE.159636,SZSE.159732,SHSE.560280,SHSE.515450",0.9909961868055788,1.0006635700066357
2024-09-09,-0.011468849617338116,0.9737479976434412,"SZSE.159636,SHSE.512070,SHSE.512800,SHSE.560280,SHSE.510720,SHSE.513750,SZSE.159869,SHSE.516520,SZSE.159570,SZSE.159766",0.9786913429210217,1.003981420039814
2024-09-10,0.006047566615096771,0.979636803525507,"SHSE.513090,SZSE.159570,SZSE.159869,SHSE.515880,SZSE.159967,SHSE.513550,SHSE.513750,SHSE.512800,SHSE.560280,SZSE.159732",0.9786913429210217,1.0033178500331783
2024-09-11,-0.003759183619312796,0.9759541689008179,"SZSE.159869,SZSE.159667,SHSE.515880,SHSE.513550,SHSE.512070,SZSE.159570,SZSE.159732,SHSE.512800,SHSE.513750,SHSE.515100",0.9765904006783492,1.0139349701393496
2024-09-12,-0.0012645924343523194,0.9747199846425513,"SZSE.159570,SZSE.159566,SHSE.588830,SHSE.513980,SZSE.159869,SHSE.515880,SHSE.560280,SHSE.512880,SHSE.517520,SHSE.513750",0.9732890550043688,1.0119442601194424
2024-09-13,-0.001895728766756901,0.9728721799281316,"SZSE.159636,SZSE.159851,SZSE.159570,SZSE.159566,SHSE.588830,SHSE.515880,SHSE.513750,SHSE.513630,SHSE.510880,SHSE.515220",0.9687873058990805,1.0013271400132713
2024-09-18,0.005894471039628238,0.978606746817978,"SZSE.159636,SZSE.159570,SHSE.513090,SHSE.515880,SZSE.159819,SHSE.513750,SHSE.517520,SZSE.159566,SHSE.513630,SHSE.560280",0.9717884719692728,0.9980092899800929
2024-09-19,0.011147008487043678,0.9895152845302363,"SZSE.159636,SHSE.513630,SHSE.515220,SZSE.159570,SHSE.560280,SHSE.513750,SHSE.517520,SZSE.159566,SHSE.515880,SHSE.512070",0.9798917463523297,1.0079628400796283
2024-09-20,0.005371624982977979,0.9948305895536576,"SZSE.159636,SHSE.513750,SHSE.516650,SZSE.159851,SZSE.159570,SHSE.513630,SHSE.515220,SZSE.159566,SHSE.515880,SZSE.159732",0.9825930478025783,1.0006635700066357
2024-09-23,-0.000270719279374557,0.9945612697333538,"SHSE.513980,SHSE.517520,SHSE.560860,SZSE.159545,SZSE.159570,SZSE.159732,SHSE.512880,SZSE.159566,SZSE.159869,SHSE.515880",0.9852940342689824,0.9960185799601858
2024-09-24,0.04290427869674868,1.0372322036309858,"SHSE.513750,SHSE.513690,SZSE.159852,SZSE.159887,SHSE.560280,SHSE.515220,SHSE.515880,SZSE.159570,SHSE.512070,SHSE.560050",1.028511392650671,1.053085600530856
2024-09-25,0.012228421122180647,1.0499159158184728,"SHSE.512070,SHSE.513750,SHSE.513190,SHSE.515220,SHSE.515880,SHSE.510050,SHSE.517520,SHSE.515230,SHSE.588830,SZSE.159570",1.0426169991741123,1.0683477106834771
2024-09-26,0.03780896592405961,1.0896121509027814,"SHSE.512070,SHSE.513750,SHSE.513190,SHSE.515210,SHSE.512890,SHSE.515220,SHSE.512980,SHSE.515880,SZSE.159326,SZSE.159570",1.0924367339199172,1.11877903118779
2024-09-27,0.060682132984882106,1.1557321403458074,"SHSE.512880,SHSE.515650,SHSE.515230,SHSE.513750,SZSE.159636,SHSE.515220,SHSE.512800,SHSE.515880,SZSE.159570,SHSE.510760",1.1611643188820846,1.2342402123424019
2024-09-30,0.0900521515480927,1.2598083061972296,"SZSE.159993,SHSE.513750,SZSE.159949,SZSE.159869,SHSE.515220,SZSE.159570,SHSE.513550,SHSE.512800,SHSE.515880,SZSE.159732",1.2704079607756922,1.4810882548108821
2024-10-08,0.08064888182297411,1.3614104374033311,"SZSE.159949,SHSE.512880,SHSE.588200,SHSE.513750,SZSE.159732,SHSE.515050,SHSE.513550,SZSE.159887,SHSE.510760,SHSE.512040",1.3241297153868978,1.7770404777704039
2024-10-09,-0.06342306085011232,1.2750656203899218,"SZSE.159949,SHSE.588200,SZSE.159993,SHSE.515880,SZSE.159732,SHSE.513750,SHSE.513910,SHSE.510760,SHSE.512040,SZSE.159611",1.2070826637301775,1.4877239548772387
2024-10-10,0.0012754573152538445,1.2766919121628768,"SZSE.159851,SZSE.159599,SZSE.159967,SZSE.159636,SHSE.513690,SHSE.512070,SHSE.515300,SHSE.516650,SHSE.515220",1.2262903785664836,1.442601194426011
2024-10-11,-0.03962832875922989,1.2260987453434364,"SHSE.513090,SHSE.588200,SHSE.513920,SZSE.159796,SHSE.515880,SHSE.560280,SHSE.515220,SZSE.159732,SHSE.517520",1.1935774164143123,1.3669542136695414
2024-10-14,0.027038399999256495,1.2592504936586189,"SZSE.159851,SHSE.512070,SHSE.513910,SHSE.512890,SZSE.159625,SZSE.159599,SHSE.560860,SHSE.510760,SHSE.515220",1.2124849516468303,1.4041141340411407
2024-10-15,-0.02752586728165462,1.2245885316958136,"SZSE.159887,SZSE.159851,SZSE.159599,SHSE.560860,SHSE.513750,SHSE.517520,SHSE.515100,SZSE.159566",1.1797716745108147,1.357000663570006
2024-10-16,-0.0011408460762522246,1.223191464674405,"SHSE.516510,SHSE.512480,SZSE.159887,SHSE.513090,SZSE.159545,SZSE.159732,SHSE.510760,SZSE.159870,SZSE.159636,SZSE.159570",1.172268759335334,1.3271400132713997
2024-10-17,-0.008259383600300658,1.2130886571510455,"SHSE.512200,SHSE.513190,SZSE.159851,SHSE.513820,SHSE.515100,SZSE.159869,SHSE.512070,SZSE.159599,SZSE.159570,SZSE.159566",1.1593635562432008,1.3238221632382212
2024-10-18,0.045868427645277,1.2687311264488845,"SZSE.159851,SHSE.512670,SZSE.159869,SZSE.159570,SZSE.159599,SZSE.159636,SHSE.513190,SHSE.512070,SHSE.510720,SZSE.159758",1.2052819010912934,1.430656934306569
2024-10-21,0.004683229636002896,1.2746728856603893,"SZSE.159851,SZSE.159781,SZSE.159599,SHSE.515880,SHSE.512070,SZSE.159636,SHSE.513190,SZSE.159570,SZSE.159758,SHSE.510760",1.2052819010912934,1.4379562043795615
2024-10-22,-0.007769742711745406,1.26476900529717,"SZSE.159851,SZSE.159599,SZSE.159869,SZSE.159638,SHSE.561330,SHSE.512070,SHSE.513750,SHSE.513910,SZSE.159570,SZSE.159792",1.2124849516468306,1.443264764432647
2024-10-23,0.003618310315235912,1.2693453320354273,"SHSE.588830,SZSE.159819,SHSE.515880,SZSE.159755,SZSE.159611,SHSE.560280,SZSE.159326,SZSE.159732,SHSE.512070,SHSE.513750",1.2169867007521187,1.4346383543463832
2024-10-24,-0.012647616688775374,1.253291138830157,"SHSE.588830,SHSE.513750,SHSE.513910,SHSE.513980,SZSE.159570,SZSE.159755,SHSE.516650,SZSE.159819,SHSE.515880,SZSE.159732",1.2037813180561971,1.4147312541473125
2024-10-25,0.006138376408298593,1.2609843115894817,"SHSE.588200,SHSE.512200,SHSE.513750,SHSE.515880,SHSE.513660,SHSE.512880,SZSE.159326,SHSE.560860,SHSE.512040,SZSE.159625",1.2124849516468303,1.4571997345719971
2024-10-28,0.0010785897205292873,1.2623443963057106,"SHSE.560980,SZSE.159869,SHSE.562500,SZSE.159636,SHSE.513750,SZSE.159570,SZSE.159599,SHSE.512880,SZSE.159326,SHSE.512040",1.21428539930187,1.4518911745189116
2024-10-29,-0.012886089723715013,1.2460777131526863,"SHSE.512200,SHSE.512980,SHSE.515220,SZSE.159611,SHSE.560860,SHSE.588200,SHSE.512880,SZSE.159326,SZSE.159636,SHSE.513750",1.2043816772637734,1.4167219641672193
2024-10-30,-0.009703036353907873,1.2339869758021713,"SHSE.515400,SHSE.513980,SHSE.513750,SHSE.515790,SZSE.159599,SHSE.512800,SZSE.159595,SZSE.159326,SHSE.512880,SZSE.159570",1.1917766537754282,1.4007962840079629
2024-10-31,0.01016339045007433,1.2465284672475554,"SZSE.159851,SZSE.159732,SHSE.516150,SHSE.560280,SZSE.159869,SHSE.515880,SHSE.517520,SZSE.159326,SZSE.159636,SHSE.513750",1.1917766537754282,1.4080955540809552
2024-11-01,-0.021912814327736018,1.2192135203905223,"SZSE.159851,SHSE.515790,SZSE.159732,SHSE.560280,SZSE.159625,SHSE.515880,SZSE.159869,SZSE.159636,SHSE.513750,SZSE.159326",1.1941774606380442,1.3828798938287987
2024-11-04,0.010138217223475987,1.2315741719020403,"SHSE.516150,SHSE.516650,SHSE.513690,SHSE.513090,SHSE.513550,SHSE.510880,SZSE.159732,SHSE.588200,SHSE.515880,SZSE.159326",1.2100838298003698,1.4233576642335763
2024-11-05,0.03151511398997208,1.2703873723166386,"SHSE.513090,SZSE.159667,SHSE.516510,SHSE.560280,SHSE.515880,SZSE.159570,SZSE.159732,SHSE.513910,SZSE.159792,SZSE.159326",1.2415963885212329,1.4923689449236892
2024-11-06,0.0013644278633952798,1.272120724244733,"SZSE.159851,SZSE.159707,SHSE.560860,SZSE.159599,SHSE.513750,SHSE.515880,SHSE.513190,SHSE.512040,SZSE.159326,SZSE.159566",1.2337932937419642,1.4751161247511608
2024-11-07,0.03329940751602454,1.3144815906509386,"SHSE.512200,SHSE.515400,SZSE.159599,SHSE.512880,SHSE.561330,SZSE.159326,SHSE.513750,SHSE.513190,SHSE.512040,SHSE.510760",1.2749097098809805,1.5301924353019238
2024-11-08,-0.013331383539477095,1.2969577324103891,"SZSE.159851,SHSE.512200,SZSE.159599,SHSE.513750,SZSE.159758,SZSE.159869,SHSE.513190,SHSE.512040,SHSE.510760,SZSE.159326",1.2587031611148667,1.514266755142667
2024-11-11,0.006062474328541394,1.3048205053683304,"SZSE.159516,SHSE.515880,SZSE.159636,SZSE.159570,SZSE.159758,SHSE.513750,SHSE.512040,SHSE.512800,SZSE.159326,SHSE.510760",1.265005987842884,1.558725945587259
2024-11-12,-0.01810722551263637,1.2811938262241138,"SHSE.515400,SZSE.159599,SHSE.515030,SHSE.512880,SHSE.513750,SHSE.560280,SHSE.513190,SZSE.159326,SHSE.515220,SZSE.159570",1.2512002459393863,1.5560716655607163
2024-11-13,0.0031797715803488767,1.2852677299416595,"SZSE.159755,SHSE.516520,SHSE.516510,SZSE.159599,SZSE.159758,SHSE.515100,SHSE.512070,SHSE.513190,SHSE.563360,SZSE.159326",1.259003340718655,1.57398805573988
2024-11-14,-0.027326078203037396,1.2501464034414334,"SZSE.159998,SHSE.515880,SHSE.562800,SZSE.159326,SHSE.520990,SHSE.512880,SZSE.159732,SHSE.560280,SHSE.513190,SHSE.563360",1.237694998623521,1.5182481751824812
2024-11-15,-0.02168444423658674,1.223037673468438,"SZSE.159949,SZSE.159993,SHSE.512800,SHSE.561360,SHSE.515400,SZSE.159599,SHSE.513750,SHSE.513550,SZSE.159326,SHSE.563360",1.216986700752119,1.4625082946250827
2024-11-18,-0.0095653857111064,1.2113388463824981,"SHSE.512980,SHSE.515450,SHSE.520990,SHSE.515220,SZSE.159852,SZSE.159570,SHSE.510050,SZSE.159732,SHSE.512070,SHSE.513750",1.2118845924392543,1.4260119442601191
2024-11-19,0.010133450943931468,1.2236138891587938,"SHSE.515100,SHSE.515220,SZSE.159611,SHSE.513550,SHSE.513750,SHSE.512200,SHSE.515400,SZSE.159599,SHSE.512070,SZSE.159326",1.2178869245796389,1.4698075646980753
2024-11-20,0.003625810597296837,1.2280504813651054,"SHSE.562800,SHSE.588200,SHSE.516650,SHSE.512040,SHSE.512800,SHSE.513550,SHSE.513690,SHSE.512880,SHSE.515880,SZSE.159732",1.220888090649831,1.4751161247511608
2024-11-21,-0.0033673886563538686,1.2239151581047267,"SHSE.562500,SZSE.159636,SZSE.159697,SZSE.159883,SZSE.159570,SHSE.515220,SZSE.159869,SZSE.159545,SHSE.515880,SHSE.512400",1.222388673684927,1.4751161247511608
2024-11-22,-0.034115573620673814,1.1821605904229462,"SHSE.516510,SHSE.515030,SHSE.517520,SZSE.159570,SZSE.159599,SHSE.512880,SZSE.159758,SZSE.159326,SHSE.513550,SHSE.515220",1.1863743658587753,1.417385534173855
2024-11-25,6.608928344519586e-05,1.1822387185692844,"SHSE.516150,SHSE.512040,SZSE.159625,SHSE.520990,SZSE.159869,SHSE.510760,SZSE.159570,SZSE.159993,SZSE.159599,SHSE.516520",1.1797716745108147,1.4147312541473123
2024-11-26,-0.00783065936044561,1.1729810098814386,"SHSE.512980,SHSE.516150,SZSE.159570,SHSE.512040,SHSE.520990,SHSE.513190,SZSE.159993,SHSE.516520,SZSE.159599,SHSE.510760",1.1773708676481986,1.3994691439946911
2024-11-27,0.018776451563344752,1.1950054309982008,"SHSE.515450,SZSE.159570,SHSE.512980,SHSE.512690,SHSE.513550,SHSE.512070,SHSE.513690,SHSE.515220,SHSE.560280,SZSE.159599",1.1965785824845048,1.4366290643662902
2024-11-28,-0.007624603058597859,1.1858939889339708,"SHSE.512980,SZSE.159636,SZSE.159993,SZSE.159887,SHSE.512480,SZSE.159570,SZSE.159732,SHSE.513750,SHSE.512040,SHSE.510760",1.1878749488938716,1.4120769741207693
2024-11-29,0.010798446629271943,1.1986998018814485,"SHSE.563300,SZSE.159636,SHSE.512890,SHSE.512760,SHSE.510760,SZSE.159570,SHSE.513690,SHSE.512070,SZSE.159732,SHSE.515050",1.200780151986005,1.4459190444591898
2024-12-02,0.011366358121295037,1.2123246531095586,"SZSE.159851,SHSE.588830,SZSE.159967,SZSE.159570,SHSE.512890,SZSE.159732,SHSE.510760,SHSE.515880,SHSE.513690,SHSE.563360",1.2097836501965817,1.4671532846715323
2024-12-03,0.003406026114746787,1.2164538625376011,"SHSE.512980,SHSE.512200,SHSE.516520,SZSE.159599,SHSE.512880,SHSE.513750,SZSE.159570,SHSE.512040,SHSE.510760,SHSE.513190",1.2109840536278897,1.4585268745852682
2024-12-04,-0.003825641993645408,1.2118001455577452,"SHSE.513090,SHSE.513750,SZSE.159865,SZSE.159625,SHSE.512980,SZSE.159570,SHSE.510880,SHSE.513550,SHSE.515220,SHSE.516520",1.2046818568675617,1.4399469143994685
2024-12-05,0.0019425936637101585,1.2141541808421885,"SHSE.562500,SZSE.159930,SZSE.159545,SZSE.159697,SZSE.159599,SZSE.159570,SZSE.159625,SZSE.159731,SZSE.159869,SHSE.512880",1.2025809146248894,1.4445919044459183
2024-12-06,0.012614085943448738,1.2294696260279294,"SZSE.159851,SHSE.520990,SHSE.515880,SZSE.159967,SHSE.588830,SZSE.159611,SHSE.515100,SZSE.159570,SHSE.510760,SHSE.513750",1.2175870599596952,1.4757796947577964
2024-12-09,-0.004604637152667486,1.223808364509845,"SHSE.512980,SHSE.513090,SHSE.515220,SHSE.513750,SHSE.513920,SZSE.159766,SZSE.159570,SZSE.159732,SHSE.510760,SHSE.515880",1.2166865211483309,1.4638354346383537
2024-12-10,0.008253583332486684,1.2339091688293211,"SZSE.159869,SHSE.515450,SZSE.159792,SZSE.159570,SHSE.562500,SHSE.515220,SZSE.159545,SZSE.159625,SHSE.512070,SZSE.159732",1.2259901989626958,1.4737889847378893
2024-12-11,0.0007020338398978285,1.2347754148211993,"SHSE.562500,SZSE.159636,SHSE.513190,SZSE.159732,SZSE.159869,SHSE.512070,SHSE.515220,SHSE.512170,SHSE.560280,SHSE.515050",1.2229890328925035,1.471798274717982
2024-12-12,0.00785652530204045,1.2444764591100794,"SHSE.563300,SHSE.515220,SHSE.515650,SZSE.159732,SHSE.517520,SZSE.159819,SHSE.515050,SHSE.520990,SHSE.513750,SHSE.512070",1.2355940563808487,1.4917053749170535
2024-12-13,-0.02183221947045847,1.217306775928969,"SHSE.513980,SHSE.513690,SHSE.515650,SZSE.159851,SHSE.515450,SZSE.159732,SHSE.515050,SHSE.515220,SHSE.510760,SHSE.563360",1.2064823045226016,1.45520902455209
2024-12-16,-0.006478141711227033,1.2094208901284642,"SHSE.563300,SZSE.159545,SZSE.159732,SHSE.515050,SZSE.159625,SZSE.159819,SHSE.515650,SHSE.510880,SZSE.159326,SHSE.513980",1.199279568950909,1.4319840743198404
2024-12-17,-0.004644310178989274,1.2038039643777583,"SHSE.515450,SHSE.520990,SZSE.159625,SHSE.510760,SHSE.515880,SHSE.515220,SZSE.159967,SHSE.512980,SHSE.512070,SHSE.513750",1.2025809146248894,1.4326476443264762
2024-12-18,0.008066738449686136,1.213514736103089,"SHSE.515450,SHSE.515050,SHSE.515650,SHSE.520990,SZSE.159625,SHSE.512070,SZSE.159570,SHSE.515000,SZSE.159326,SZSE.159869",1.207683022937754,1.4319840743198404
2024-12-19,-0.00014800499179603313,1.2133351298645276,"SHSE.515450,SHSE.513690,SZSE.159995,SHSE.515220,SHSE.512980,SZSE.159732,SZSE.159792,SHSE.515210,SHSE.512880,SHSE.560280",1.2094837855766383,1.4406104844061043
2024-12-20,-0.0009125877043603042,1.2122278551437449,"SZSE.159819,SHSE.515050,SZSE.159732,SZSE.159326,SZSE.159636,SHSE.515450,SZSE.159566,SHSE.513690,SHSE.513090,SHSE.510760",1.2058822602988697,1.439283344392833
2024-12-23,-0.008147266873187285,1.2023515112967775,"SHSE.588200,SZSE.159732,SZSE.159667,SHSE.515050,SHSE.512880,SHSE.515450,SHSE.510180,SZSE.159545,SZSE.159625,SHSE.563360",1.207082663730178,1.4246848042468474
2024-12-24,0.014491320581440167,1.2197751724985582,"SZSE.159887,SHSE.513550,SHSE.588200,SHSE.515050,SZSE.159732,SHSE.513690,SZSE.159667,SHSE.560280,SHSE.512880,SHSE.563360",1.2211882702536192,1.4399469143994688
2024-12-25,-0.0016248292650500383,1.217793246101501,"SHSE.588200,SHSE.513190,SHSE.520990,SHSE.513750,SHSE.512880,SZSE.159732,SHSE.515050,SZSE.159566,SZSE.159326,SHSE.510050",1.2220888090649837,1.4306569343065692
2024-12-26,0.01211182492201456,1.2325429446894942,"SHSE.513190,SHSE.520990,SHSE.510050,SHSE.588200,SHSE.510720,SHSE.515050,SHSE.513750,SHSE.560280,SZSE.159667,SZSE.159732",1.2223886736849272,1.437292634372926
2024-12-27,-0.005964674467381642,1.2251912272573533,"SZSE.159819,SZSE.159599,SHSE.520990,SHSE.588220,SZSE.159967,SHSE.513190,SZSE.159326,SHSE.513750,SHSE.510880,SHSE.510760",1.2205882260298875,1.4353019243530187
2024-12-30,0.0023715154240058324,1.2280967871501507,"SHSE.512890,SZSE.159995,SZSE.159993,SHSE.515050,SZSE.159732,SZSE.159625,SZSE.159731,SZSE.159545,SHSE.563360,SZSE.159566",1.2262903785664838,1.4366290643662905
2024-12-31,-0.02278958956782909,1.2001089654214292,"SZSE.159636,SZSE.159993,SHSE.512800,SZSE.159566,SZSE.159995,SHSE.515050,SZSE.159732,SHSE.560860,SZSE.159697,SHSE.513690",1.2070826637301777,1.3948241539482413
2025-01-02,-0.0304655151304629,1.1635470275771784,"SHSE.513690,SHSE.515300,SHSE.513550,SHSE.515220,SZSE.159570,SZSE.159595,SZSE.159995,SHSE.515050,SZSE.159732,SHSE.512070",1.173168983162854,1.3397478433974783
2025-01-03,-0.00857763112782973,1.1535665503747388,"SHSE.515300,SZSE.159636,SZSE.159570,SHSE.513690,SHSE.560860,SHSE.515220,SHSE.515050,SZSE.159995,SZSE.159732,SHSE.512070",1.1611643188820848,1.3125414731254146
2025-01-06,-0.0012582480647981113,1.1521150774951139,"SZSE.159636,SHSE.513630,SHSE.510720,SZSE.159570,SZSE.159995,SHSE.515050,SHSE.563300,SHSE.513750,SHSE.512070,SHSE.560280",1.1563623901730085,1.3112143331121433
2025-01-07,0.004922347152093537,1.157786187865706,"SHSE.512800,SZSE.159545,SHSE.515100,SHSE.560860,SZSE.159636,SZSE.159566,SZSE.159570,SHSE.515220,SZSE.159995,SZSE.159869",1.1644656645560651,1.320504313205043
2025-01-08,-0.0052219443572469664,1.1517402928150822,"SHSE.517520,SHSE.562800,SHSE.588200,SZSE.159732,SHSE.515050,SHSE.520990,SHSE.588230,SHSE.561380,SHSE.513750,SZSE.159993",1.1626649019171809,1.3059057730590575
2025-01-09,-0.002500074476269469,1.148860856305724,"SZSE.159887,SZSE.159995,SHSE.560280,SHSE.588230,SHSE.510050,SHSE.512980,SHSE.561380,SHSE.520990,SHSE.513750,SHSE.512070",1.1602640950545648,1.3078964830789648
2025-01-10,-0.01288774870060273,1.1340546262976967,"SZSE.159732,SZSE.159667,SHSE.515050,SHSE.588230,SHSE.512400,SHSE.588200,SZSE.159887,SZSE.159570,SHSE.561380,SHSE.513550",1.1473588919624313,1.2859986728599866
2025-01-13,-0.0020898922144709847,1.1316845743634123,"SZSE.159887,SHSE.516150,SHSE.588200,SHSE.516650,SHSE.513690,SHSE.588230,SZSE.159732,SHSE.513550,SHSE.588780,SHSE.515100",1.142857142857143,1.2886529528865296
2025-01-14,0.031359205256523054,1.1671733032165155,"SHSE.560860,SHSE.517520,SHSE.588220,SZSE.159599,SHSE.588230,SHSE.513910,SHSE.588780,SHSE.513750,SHSE.513980,SHSE.563360",1.1722687593353338,1.3510285335102856
2025-01-15,-0.005551527060634541,1.1606937090392588,"SHSE.588020,SZSE.159732,SHSE.588230,SHSE.560280,SHSE.588780,SHSE.515050,SZSE.159887,SHSE.520990,SZSE.159566,SHSE.513750",1.165365888383585,1.3264764432647649
2025-01-16,0.0028736368794518327,1.1640291212873017,"SHSE.512480,SHSE.512980,SZSE.159887,SZSE.159636,SHSE.588230,SZSE.159545,SHSE.515100,SHSE.515210,SHSE.512400,SHSE.512070",1.165966247591161,1.3337757133377575
2025-01-17,0.005117170862559667,1.169985657189924,"SHSE.560280,SZSE.159363,SHSE.563300,SHSE.515050,SHSE.517520,SHSE.513980,SHSE.513550,SHSE.515220,SHSE.563360,SZSE.159326",1.169867637488873,1.3443928334439286
2025-01-20,0.00939212068519341,1.1809743036821971,"SHSE.513980,SHSE.515050,SHSE.588220,SHSE.560280,SHSE.588230,SZSE.159570,SZSE.159545,SZSE.159326,SHSE.563020,SZSE.159819",1.175570105009314,1.3682813536828138
2025-01-21,0.009041738132893462,1.1916523640777679,"SZSE.159732,SHSE.515050,SZSE.159755,SZSE.159363,SHSE.513550,SZSE.159570,SHSE.560280,SHSE.513750,SZSE.159326,SZSE.159887",1.1770706880444102,1.3735899137358993
2025-01-22,-0.0035210852851246784,1.1874564544736297,"SZSE.159636,SHSE.588020,SHSE.515050,SZSE.159363,SZSE.159323,SHSE.560280,SZSE.159570,SZSE.159326,SZSE.159887,SZSE.159566",1.166266427194949,1.3662906436629068
2025-01-23,-0.013149965753748077,1.1718414427632344,"SHSE.515880,SHSE.588020,SZSE.159732,SHSE.561380,SZSE.159570,SZSE.159326,SHSE.588790,SHSE.517520,SZSE.159323,SHSE.560280",1.1695677728689293,1.3616456536164567
2025-01-24,0.0165683436629825,1.1912569145054608,"SHSE.513090,SZSE.159887,SZSE.159869,SZSE.159732,SHSE.515050,SHSE.561380,SZSE.159967,SHSE.513750,SHSE.510760,SHSE.515220",1.179171315303238,1.3828798938287992
2025-01-27,-0.013093834461158587,1.1756587936662157,"SHSE.562500,SHSE.515050,SZSE.159363,SHSE.513750,SZSE.159636,SHSE.517520,SZSE.159326,SHSE.560280,SZSE.159570,SHSE.563360",1.1725689389391216,1.3457199734571998
2025-02-05,0.0056710016302226355,1.1823259566016824,"SHSE.513980,SHSE.513190,SHSE.510880,SHSE.512980,SHSE.515220,SZSE.159570,SZSE.159731,SZSE.159363,SHSE.512880,SHSE.563360",1.1665666067987372,1.343065693430657
2025-02-06,0.025317878133235116,1.2122599410846844,"SZSE.159636,SHSE.515230,SHSE.517520,SHSE.588790,SZSE.159323,SZSE.159570,SZSE.159378,SHSE.512880,SHSE.560280,SHSE.563360",1.1800718541146025,1.3802256138022564
2025-02-07,0.015229634444598638,1.2307222168392347,"SHSE.562500,SZSE.159570,SHSE.588790,SZSE.159732,SZSE.159378,SZSE.159792,SHSE.515050,SHSE.517520,SHSE.513750,SHSE.560280",1.196878447104448,1.4140676841406767
2025-02-10,0.00917837905372139,1.2420182518552214,"SZSE.159852,SZSE.159636,SZSE.159323,SZSE.159599,SHSE.512880,SHSE.560280,SZSE.159570,SHSE.517520,SHSE.563360,SZSE.159326",1.1980791655196004,1.4213669542136695
2025-02-11,-0.00900987653343375,1.2308278207537346,"SZSE.159852,SZSE.159792,SHSE.588790,SHSE.517520,SZSE.159570,SZSE.159732,SHSE.513750,SHSE.512880,SHSE.560280,SHSE.563360",1.1932772368105238,1.4021234240212344
2025-02-12,0.011755157249037262,1.2452963953331846,"SZSE.159869,SHSE.517520,SHSE.516520,SZSE.159636,SZSE.159363,SHSE.560280,SHSE.512170,SHSE.510720,SZSE.159570,SHSE.512880",1.204681856867561,1.426675514266755
2025-02-13,-0.008237633090212942,1.235038100539865,"SZSE.159852,SZSE.159792,SZSE.159732,SZSE.159363,SHSE.513190,SHSE.512880,SHSE.560280,SZSE.159570,SHSE.563360,SZSE.159326",1.2016806907973687,1.4167219641672195
2025-02-14,0.01873200832705458,1.2581728445234073,"SZSE.159792,SZSE.159869,SHSE.513190,SHSE.513200,SZSE.159595,SHSE.515220,SZSE.159363,SZSE.159732,SHSE.512880,SHSE.563360",1.2106841890079454,1.442601194426012
2025-02-17,0.007375218773389326,1.267452144506505,"SZSE.159869,SZSE.159792,SHSE.513200,SHSE.513750,SZSE.159363,SHSE.560280,SHSE.512800,SZSE.159732,SHSE.513910,SHSE.563360",1.2127848162667731,1.4479097544790975
2025-02-18,-0.011245604938087269,1.2531988784114534,"SHSE.515400,SZSE.159636,SZSE.159570,SHSE.513750,SZSE.159363,SZSE.159611,SHSE.512880,SHSE.560280,SHSE.563360,SZSE.159566",1.2040814976599845,1.4200398142003983
2025-02-19,0.012888429787928965,1.2693506441661708,"SZSE.159792,SHSE.513200,SZSE.159323,SHSE.512800,SZSE.159566,SZSE.159869,SHSE.515100,SZSE.159732,SHSE.515050,SHSE.563360",1.2103840094041571,1.4499004644990046
2025-02-20,-0.003163585429388638,1.2653349449635016,"SZSE.159819,SZSE.159506,SHSE.560280,SHSE.588230,SZSE.159792,SZSE.159599,SHSE.513690,SZSE.159566,SHSE.563360,SHSE.512800",1.2067824841263888,1.449236894492369
2025-02-21,0.03177266711512143,1.3055380109589576,"SHSE.562500,SZSE.159570,SHSE.588230,SZSE.159732,SHSE.515050,SZSE.159363,SHSE.517520,SHSE.560280,SZSE.159792,SHSE.513750",1.2229890328925026,1.4857332448573324
2025-02-24,-0.001585806919257927,1.3034676797478246,"SHSE.515400,SZSE.159570,SZSE.159599,SZSE.159792,SHSE.588230,SHSE.513190,SHSE.560280,SZSE.159566,SHSE.563360,SZSE.159326",1.219087328010946,1.4737889847378898
2025-02-25,-0.005311210974009181,1.2965446879028817,"SHSE.513980,SZSE.159323,SHSE.588220,SZSE.159570,SZSE.159599,SHSE.513910,SZSE.159326,SZSE.159363,SHSE.560280,SHSE.588230",1.206782484126389,1.4578633045786331
2025-02-26,0.022753154379572173,1.3260451693467503,"SHSE.562500,SZSE.159599,SHSE.588790,SHSE.560280,SHSE.588230,SZSE.159636,SZSE.159570,SHSE.515220,SHSE.513190,SHSE.563360",1.21668652114833,1.475116124751161
2025-02-27,-6.826397405942999e-05,1.3259546482337083,"SHSE.513980,SHSE.513550,SHSE.588780,SHSE.588830,SZSE.159570,SHSE.588790,SHSE.560280,SHSE.588230,SHSE.563360,SZSE.159967",1.2205882260298866,1.4678168546781687
2025-02-28,-0.039387009674131154,1.2737292596762682,"SHSE.588020,SZSE.159323,SHSE.588780,SHSE.588830,SHSE.560280,SHSE.513550,SZSE.159570,SHSE.588230,SHSE.515300,SZSE.159732",1.1986792097433319,1.41207697412077
2025-03-03,-0.0019919215133375637,1.2711920909617513,"SHSE.512690,SHSE.515100,SHSE.512800,SHSE.513690,SHSE.513550,SZSE.159570,SZSE.159326,SHSE.561330,SZSE.159599,SHSE.588790",1.1947778198456198,1.4293297942932979
2025-03-04,0.0021941324230993187,1.273981254744518,"SZSE.159755,SHSE.561330,SHSE.588830,SHSE.513550,SHSE.512890,SZSE.159323,SZSE.159570,SHSE.588780,SZSE.159732,SHSE.515050",1.1935774164143116,1.4260119442601193
2025-03-05,0.009853862675212348,1.286534891079565,"SHSE.512670,SZSE.159378,SZSE.159599,SHSE.517520,SHSE.560280,SHSE.588780,SHSE.588230,SHSE.513550,SZSE.159326,SHSE.510720",1.1986792097433316,1.4260119442601193
2025-03-06,0.02320422184642607,1.3163879321053429,"SHSE.560280,SZSE.159636,SHSE.515400,SHSE.588790,SHSE.517520,SZSE.159545,SHSE.588230,SZSE.159570,SZSE.159566,SZSE.159326",1.2151859381132335,1.4538818845388188
2025-03-07,-0.006788520185451961,1.3074516060563603,"SZSE.159792,SHSE.515400,SHSE.513750,SHSE.588790,SHSE.588230,SHSE.517520,SHSE.560280,SZSE.159326,SZSE.159570,SZSE.159566",1.212184772043041,1.4333112143331124
2025-03-10,-0.0015815431531042944,1.3053838149207866,"SHSE.560280,SZSE.159667,SHSE.517520,SZSE.159323,SZSE.159792,SZSE.159378,SHSE.588790,SZSE.159363,SHSE.513910,SHSE.515220",1.2073828433339646,1.4326476443264764
2025-03-11,-0.0021619320254563736,1.302561663845797,"SZSE.159667,SHSE.560280,SHSE.588230,SHSE.588780,SZSE.159792,SHSE.588790,SHSE.515220,SHSE.517520,SHSE.513750,SZSE.159378",1.2109840536278886,1.4326476443264764
2025-03-12,-0.0006320715107193491,1.301738351727125,"SZSE.159323,SHSE.512690,SHSE.512400,SZSE.159378,SZSE.159545,SZSE.159570,SHSE.512040,SHSE.512800,SHSE.588790,SZSE.159363",1.2079828875576963,1.4260119442601196
2025-03-13,-0.006887833620787579,1.2927721945426303,"SHSE.517520,SZSE.159323,SZSE.159566,SZSE.159326,SHSE.513750,SHSE.512670,SHSE.560860,SHSE.515050,SZSE.159363,SHSE.512880",1.2019805554173117,1.4100862641008627
2025-03-14,0.018353273081478015,1.3164987956612126,"SHSE.515210,SHSE.517520,SZSE.159399,SZSE.159545,SZSE.159323,SZSE.159326,SHSE.560280,SHSE.588200,SZSE.159570,SHSE.588780",1.232292710706867,1.4505640345056403
2025-03-17,-0.0001774284890456139,1.3162652112690683,"SZSE.159506,SHSE.513750,SHSE.513920,SHSE.515650,SZSE.159323,SHSE.515220,SZSE.159326,SZSE.159378,SZSE.159363,SZSE.159599",1.2286911854290985,1.4419376244193762
2025-03-18,0.006083189437333991,1.3242723018989906,"SHSE.513750,SHSE.513190,SZSE.159745,SZSE.159697,SZSE.159570,SHSE.510050,SHSE.515220,SHSE.588230,SZSE.159201,SZSE.159326",1.2313924868793473,1.4499004644990046
2025-03-19,-0.003932594299064855,1.319064476194133,"SHSE.513980,SHSE.513550,SZSE.159570,SHSE.517520,SHSE.515050,SZSE.159363,SHSE.515650,SZSE.159326,SHSE.588220,SHSE.588230",1.2331932495182314,1.4452554744525545
2025-03-20,-0.0068108433740336,1.3100805346465232,"SHSE.513750,SHSE.513190,SZSE.159570,SHSE.513090,SHSE.516650,SHSE.515220,SZSE.159995,SHSE.588780,SZSE.159732,SZSE.159378",1.2232892124962904,1.4319840743198404
2025-03-21,-0.015213268072302211,1.2901499282766407,"SZSE.159570,SZSE.159323,SZSE.159667,SHSE.561360,SZSE.159625,SHSE.561380,SZSE.159201,SHSE.515220,SZSE.159378,SHSE.515650",1.2034811384524082,1.4014598540145984
2025-03-24,0.0007888135382965424,1.2911676160064975,"SHSE.515210,SZSE.159697,SZSE.159545,SZSE.159930,SZSE.159326,SZSE.159625,SZSE.159201,SHSE.561380,SZSE.159570,SZSE.159790",1.2085832467652728,1.4014598540145984
2025-03-25,-0.004186964534368053,1.2857615429903537,"SZSE.159887,SHSE.516650,SZSE.159766,SHSE.561380,SZSE.159201,SZSE.159323,SZSE.159326,SHSE.512040,SZSE.159570,SZSE.159732",1.209183605972849,1.3968148639681484
2025-03-26,-0.0022550392735588586,1.2828621002144789,"SHSE.512800,SHSE.516650,SZSE.159766,SHSE.515220,SHSE.515100,SZSE.159201,SHSE.561380,SZSE.159326,SZSE.159570,SZSE.159545",1.2043816772637725,1.3921698739216983
2025-03-27,0.0002786864865437583,1.283219616545908,"SZSE.159766,SHSE.516650,SHSE.515220,SHSE.512890,SHSE.515100,SZSE.159201,SHSE.513980,SZSE.159323,SHSE.588230,SHSE.588780",1.2085832467652726,1.395487723954877
2025-03-28,-0.006894826023499145,1.2743720405398826,"SZSE.159506,SHSE.510720,SZSE.159545,SZSE.159636,SZSE.159599,SHSE.515650,SHSE.588780,SZSE.159201,SHSE.517520,SHSE.588230",1.202881094228676,1.386197743861977
2025-03-31,-0.0043074440800500245,1.2688827542380778,"SZSE.159506,SHSE.517520,SZSE.159758,SHSE.513750,SHSE.561380,SZSE.159326,SHSE.515050,SHSE.510720,SHSE.588780,SZSE.159201",1.1956780436731391,1.3696084936960846
2025-04-01,0.007227218173868741,1.278053246740016,"SHSE.517520,SHSE.588020,SHSE.588780,SHSE.588230,SZSE.159570,SZSE.159399,SHSE.515650,SHSE.588790,SHSE.510720,SHSE.520990",1.1950779994494074,1.3682813536828131
2025-04-02,-0.0032535382357842236,1.2738950516343792,"SZSE.159570,SZSE.159691,SHSE.512010,SHSE.515220,SHSE.561360,SZSE.159758,SHSE.588230,SZSE.159323,SZSE.159378,SHSE.588780",1.194177460638043,1.3696084936960846
2025-04-03,-0.015902960655355947,1.253636348749185,"SHSE.563020,SHSE.513750,SHSE.513910,SZSE.159570,SHSE.588020,SZSE.159206,SHSE.588230,SHSE.560280,SHSE.589000,SHSE.515880",1.1881751284976585,1.3450564034505639
2025-04-07,-0.0746669904556324,1.1600310954622959,"SZSE.159611,SZSE.159865,SHSE.515100,SHSE.515220,SZSE.159570,SHSE.520990,SZSE.159516,SHSE.510050,SHSE.513750,SHSE.588230",1.1089434622898184,1.1778367617783672
2025-04-08,-0.0033833094525616363,1.1561063512917529,"SHSE.512800,SZSE.159865,SHSE.510720,SHSE.510050,SZSE.159516,SZSE.159570,SZSE.159545,SHSE.560280,SZSE.159636,SHSE.588230",1.1194475435354914,1.1970802919708026
2025-04-09,0.004847597677097072,1.1617106897547518,"SZSE.159865,SZSE.159625,SHSE.510880,SHSE.515100,SHSE.510050,SZSE.159399,SHSE.563360,SZSE.159368,SZSE.159636,SZSE.159570",1.1302518043849525,1.209688122096881
2025-04-10,0.016513648271703298,1.1808947714788394,"SZSE.159516,SZSE.159865,SZSE.159887,SHSE.515100,SHSE.510050,SHSE.588780,SHSE.589000,SZSE.159378,SHSE.588230,SZSE.159636",1.149159654601315,1.236230922362309
2025-04-11,0.020991484403695516,1.205683505656743,"SHSE.517520,SHSE.588020,SZSE.159825,SHSE.589000,SZSE.159363,SZSE.159570,SHSE.513550,SZSE.159323,SHSE.515880,SHSE.560280",1.152460685291451,1.255474452554744
2025-04-14,0.015139322024906223,1.2239367365089984,"SZSE.159516,SHSE.517520,SHSE.588780,SZSE.159570,SHSE.589000,SHSE.588230,SZSE.159323,SZSE.159378,SZSE.159865,SZSE.159636",1.1548618071379113,1.2574651625746511
2025-04-15,-0.004373916027109353,1.2185833400010138,"SHSE.517520,SZSE.159570,SHSE.513550,SHSE.513980,SHSE.563300,SHSE.588780,SHSE.588790,SHSE.589000,SZSE.159967,SHSE.515220",1.1557620309654313,1.2561380225613799
2025-04-16,-0.01054785127305756,1.2057299041668572,"SHSE.513630,SZSE.159967,SHSE.513750,SZSE.159570,SZSE.159599,SHSE.515100,SHSE.513980,SHSE.588220,SHSE.588780,SHSE.588230",1.15846333241568,1.240875912408759
2025-04-17,0.002838380472174614,1.2091522243815613,"SHSE.517520,SZSE.159766,SHSE.510050,SHSE.588780,SHSE.510720,SZSE.159399,SZSE.159599,SHSE.513750,SZSE.159570,SHSE.520990",1.1593635562431999,1.242866622428666
2025-04-18,-0.0018975550306654112,1.2068577914953458,"SHSE.588200,SHSE.588780,SZSE.159887,SHSE.513660,SHSE.513750,SHSE.589000,SHSE.588230,SHSE.515650,SHSE.510720,SZSE.159570",1.162364722313392,1.2461844724618445
2025-04-21,0.005022373772662389,1.2129190824146854,"SHSE.512800,SZSE.159707,SZSE.159399,SHSE.510180,SZSE.159697,SHSE.515880,SHSE.588780,SZSE.159326,SHSE.561380,SZSE.159732",1.1629650815209682,1.2660915726609157
2025-04-22,-0.0027885099417559846,1.2095368454948265,"SHSE.588020,SHSE.517520,SHSE.588230,SZSE.159570,SZSE.159363,SZSE.159378,SZSE.159566,SHSE.588780,SHSE.560860,SHSE.589000",1.1638653053484882,1.2601194426011944
2025-04-23,0.008704681950853416,1.2200654790426975,"SZSE.159570,SHSE.512200,SZSE.159323,SZSE.159792,SHSE.517520,SHSE.588230,SZSE.159378,SHSE.515880,SZSE.159363,SHSE.589000",1.1650660237636408,1.2733908427339085
2025-04-24,-0.01006290052218245,1.207788081496542,"SZSE.159570,SHSE.513660,SHSE.513980,SZSE.159667,SHSE.515880,SZSE.159363,SZSE.159378,SHSE.560280,SHSE.588230,SZSE.159732",1.1650660237636408,1.2654280026542801
2025-04-25,0.0009891759100950149,1.2089827963712583,"SZSE.159570,SHSE.513190,SHSE.515100,SHSE.513980,SZSE.159667,SHSE.510050,SHSE.510880,SHSE.515880,SHSE.588780,SZSE.159378",1.1650660237636408,1.2740544127405442
2025-04-28,-0.004713421029914812,1.2032843514340368,"SHSE.513660,SHSE.513980,SHSE.515880,SZSE.159611,SZSE.159566,SZSE.159570,SHSE.560860,SZSE.159363,SZSE.159368,SZSE.159366",1.163264946140912,1.2647644326476444
2025-04-29,-0.003137276032945862,1.199509316277464,"SZSE.159545,SZSE.159611,SHSE.515100,SHSE.515210,SZSE.159790,SZSE.159792,SZSE.159366,SZSE.159570,SHSE.588780,SZSE.159399",1.161164318882084,1.2627737226277373
2025-04-30,0.011143960345263932,1.2128766005318345,"SHSE.588790,SZSE.159368,SZSE.159366,SHSE.513200,SZSE.159363,SHSE.513630,SZSE.159792,SHSE.515210,SHSE.588230,SHSE.560280",1.1602640950545642,1.27471798274718
2025-05-06,0.022352309662609673,1.2399871938894556,"SHSE.588020,SZSE.159792,SHSE.588790,SHSE.588780,SZSE.159732,SZSE.159368,SHSE.588230,SZSE.159366,SHSE.513750,SHSE.517520",1.1713685355078134,1.299270072992701
2025-05-07,-0.005472511060880062,1.233201350255546,"SZSE.159792,SZSE.159852,SHSE.588230,SZSE.159363,SZSE.159206,SHSE.513750,SZSE.159732,SHSE.517520,SHSE.560280,SZSE.159570",1.1785712710795058,1.3052422030524222
2025-05-08,0.013060619199525341,1.249307723487574,"SHSE.563300,SZSE.159378,SHSE.513750,SHSE.512710,SHSE.588790,SHSE.588230,SHSE.513550,SZSE.159363,SZSE.159368,SHSE.512890",1.1854741420312547,1.327803583278036
2025-05-09,-0.013422908354820401,1.232538380408231,"SZSE.159638,SZSE.159363,SZSE.159378,SZSE.159368,SHSE.515880,SHSE.588230,SZSE.159566,SHSE.513750,SHSE.561380,SZSE.159326",1.183973244012314,1.316522893165229
2025-05-12,0.010923667463728555,1.246002219812093,"SZSE.159755,SHSE.513550,SZSE.159887,SHSE.513750,SHSE.515880,SZSE.159378,SZSE.159206,SHSE.515100,SZSE.159570,SHSE.515650",1.1974788063120239,1.3516921035169212
2025-05-13,-0.004270428938953725,1.240681255874607,"SZSE.159667,SHSE.513750,SZSE.159323,SHSE.515880,SZSE.159206,SZSE.159732,SZSE.159363,SHSE.512070,SHSE.512800,SZSE.159570",1.1986792097433319,1.3470471134704711
2025-05-14,0.006930486310349361,1.249279780333953,"SHSE.513190,SHSE.516160,SHSE.513820,SZSE.159368,SZSE.159570,SHSE.515050,SZSE.159378,SZSE.159366,SZSE.159399,SZSE.159363",1.2139855346819257,1.362972793629728
2025-05-15,-0.014659405142179612,1.2309660818981045,"SHSE.513750,SZSE.159323,SHSE.513090,SHSE.513910,SHSE.560050,SZSE.159566,SHSE.515880,SZSE.159363,SZSE.159368,SZSE.159378",1.2037813180561965,1.3351028533510287
2025-05-16,-0.0021788588257970224,1.228283980586304,"SHSE.513910,SHSE.512800,SHSE.513750,SZSE.159865,SHSE.512070,SHSE.515220,SHSE.560050,SZSE.159323,SZSE.159570,SZSE.159366",1.1971786267082358,1.332448573324486
2025-05-19,-0.002259370386667076,1.2255088321341496,"SZSE.159323,SZSE.159755,SHSE.513750,SZSE.159570,SZSE.159366,SHSE.513910,SHSE.515880,SZSE.159363,SZSE.159993,SHSE.560280",1.1953778640693515,1.3284671532846717
2025-05-20,0.008366505536128763,1.2357620585627749,"SHSE.513690,SHSE.513700,SZSE.159378,SHSE.515210,SZSE.159366,SHSE.513750,SHSE.515220,SZSE.159201,SZSE.159697,SHSE.588170",1.201380196209736,1.3390842733908428
2025-05-21,0.007160604051619448,1.244610861366157,"SHSE.513820,SZSE.159506,SZSE.159366,SHSE.513750,SHSE.517520,SHSE.588790,SHSE.588230,SZSE.159326,SZSE.159566,SZSE.159378",1.2061824399026568,1.349701393497014
2025-05-22,-0.007477679462183274,1.2353040602897092,"SZSE.159570,SHSE.513820,SZSE.159323,SZSE.159755,SHSE.517520,SZSE.159201,SZSE.159368,SZSE.159366,SZSE.159399,SZSE.159758",1.2055820806950805,1.3377571333775715
2025-05-23,-0.008620636888384917,1.224654952539204,"SZSE.159323,SHSE.515300,SZSE.159869,SZSE.159570,SHSE.510720,SHSE.513980,SZSE.159366,SZSE.159599,SZSE.159206,SZSE.159378",1.1968784471044476,1.3231585932315861
2025-05-26,-0.009743442537497402,1.2127225973808768,"SZSE.159570,SZSE.159323,SHSE.520990,SHSE.517520,SZSE.159755,SZSE.159366,SHSE.510720,SHSE.513750,SZSE.159399,SZSE.159201",1.1905759353602747,1.3118779031187793
2025-05-27,0.0014807818355363875,1.2145183749746231,"SHSE.513750,SHSE.520990,SZSE.159625,SZSE.159869,SZSE.159206,SZSE.159378,SHSE.515880,SZSE.159570,SZSE.159201,SHSE.510720",1.1842737385999467,1.3052422030524222
2025-05-28,-0.0001786068775184983,1.21430145363998,"SHSE.513750,SZSE.159992,SZSE.159366,SHSE.513630,SZSE.159766,SZSE.159792,SZSE.159206,SHSE.561360,SZSE.159399,SZSE.159758",1.183073020184794,1.2999336429993364
2025-05-29,0.014073558831365383,1.2313909965867949,"SHSE.520990,SZSE.159399,SZSE.159766,SHSE.515450,SHSE.515880,SZSE.159570,SHSE.513750,SZSE.159363,SHSE.515650,SZSE.159206",1.1902760707403313,1.3198407431984076
2025-05-30,-0.006015755830160519,1.2239832490198705,"SZSE.159570,SHSE.513090,SZSE.159378,SHSE.515880,SZSE.159366,SHSE.588230,SZSE.159363,SHSE.513750,SZSE.159206,SHSE.589000",1.188175128497659,1.3085600530856005
2025-06-03,0.0038575047121466267,1.2287047701705531,"SZSE.159570,SHSE.512710,SZSE.159378,SZSE.159758,SZSE.159366,SZSE.159399,SHSE.512890,SHSE.515880,SHSE.513750,SZSE.159363",1.1875747692900827,1.311877903118779
2025-06-04,0.0058323493207737935,1.2358710056022888,"SHSE.513750,SZSE.159570,SHSE.512800,SZSE.159825,SZSE.159869,SHSE.588230,SHSE.588170,SZSE.159378,SZSE.159323,SZSE.159227",1.1926768776029475,1.3271400132714002
2025-06-05,0.005059204726300672,1.24212353003493,"SZSE.159570,SHSE.513090,SZSE.159366,SHSE.561330,SZSE.159869,SHSE.512800,SHSE.515050,SHSE.513750,SZSE.159636,SZSE.159378",1.1956780436731396,1.3424021234240213
2025-06-06,0.0029230583984120855,1.2457543296512639,"SZSE.159869,SHSE.515880,SHSE.588230,SZSE.159732,SZSE.159570,SHSE.513750,SZSE.159206,SZSE.159792,SHSE.512800,SHSE.513910",1.1962784028807156,1.338420703384207
2025-06-09,0.014265871130620134,1.2635261003784808,"SZSE.159570,SHSE.515880,SHSE.588020,SHSE.561380,SZSE.159363,SZSE.159825,SHSE.517520,SZSE.159206,SHSE.560860,SHSE.588230",1.19897938934712,1.349701393497014
2025-06-10,-0.0017381743428262412,1.2613298717293118,"SZSE.159570,SHSE.513750,SHSE.513090,SZSE.159366,SHSE.515880,SZSE.159363,SHSE.588230,SZSE.159636,SZSE.159378,SZSE.159206",1.192076518395371,1.3351028533510287
2025-06-11,0.008145285253063713,1.2716037633327573,"SZSE.159570,SHSE.513750,SHSE.513190,SZSE.159366,SHSE.520990,SHSE.513090,SHSE.515880,SHSE.512040,SHSE.588230,SZSE.159363",1.2016806907973685,1.352355673523557
2025-06-12,0.014498356506427511,1.2900399280284707,"SHSE.513750,SHSE.513090,SHSE.513190,SZSE.159869,SHSE.560860,SZSE.159570,SZSE.159366,SHSE.515880,SHSE.588230,SZSE.159697",1.2022807350211002,1.3536828135368286
2025-06-13,-0.009439301944935868,1.2778628516267865,"SZSE.159570,SHSE.517520,SZSE.159859,SHSE.560860,SHSE.513750,SHSE.515880,SHSE.513910,SZSE.159363,SZSE.159206,SZSE.159792",1.1944776402418316,1.3404114134041147
2025-06-16,-9.826274545511742e-05,1.2777372853146705,"SHSE.513910,SHSE.517520,SHSE.512710,SZSE.159227,SZSE.159570,SHSE.560860,SHSE.513750,SZSE.159599,SZSE.159399,SHSE.588170",1.1974788063120239,1.3516921035169216
2025-06-17,-0.010021566533476009,1.2649323560975865,"SHSE.513090,SZSE.159869,SHSE.515880,SZSE.159887,SHSE.513750,SZSE.159570,SHSE.561380,SZSE.159697,SHSE.561330,SZSE.159366",1.1971786267082358,1.3457199734572003
2025-06-18,0.0016389680560112575,1.2670055398222453,"SHSE.513090,SZSE.159697,SZSE.159545,SZSE.159611,SHSE.515880,SZSE.159363,SZSE.159206,SHSE.515220,SZSE.159732,SHSE.561380",1.198670705179531,1.3497013934970143
2025-06-19,-0.009056964652180314,1.2555303154339585,"SHSE.515880,SZSE.159363,SZSE.159206,SHSE.512800,SZSE.159227,SHSE.561380,SZSE.159732,SHSE.515000,SHSE.588230,SZSE.159368",1.189152523367076,1.330457863304579
2025-06-20,-0.004610192802327767,1.2497420786106406,"SHSE.512800,SZSE.159697,SZSE.159930,SZSE.159599,SHSE.588170,SZSE.159731,SHSE.515000,SZSE.159227,SHSE.561380,SZSE.159570",1.190687754625065,1.319177173191772
2025-06-23,0.014121824392614765,1.2673907167808414,"SHSE.512800,SHSE.510720,SZSE.159516,SHSE.510050,SHSE.515880,SHSE.513750,SZSE.159928,SZSE.159636,SZSE.159570,SHSE.588230",1.194679229902298,1.3258128732581291
2025-06-24,0.014487539708951969,1.2857520901169608,"SHSE.513190,SHSE.588170,SHSE.513750,SZSE.159516,SZSE.159570,SHSE.515220,SZSE.159697,SHSE.588230,SZSE.159566,SZSE.159368",1.2084959962403525,1.3563370935633714
2025-06-25,0.02313168378917811,1.3154937008968213,"SHSE.513750,SHSE.513190,SZSE.159570,SHSE.513090,SZSE.159566,SZSE.159368,SZSE.159366,SHSE.588170,SHSE.588780,SHSE.588230",1.2284533726265177,1.3994691439946918
2025-06-26,-0.009148534195833821,1.3034588617897627,"SZSE.159851,SHSE.513750,SZSE.159967,SHSE.513190,SZSE.159570,SZSE.159206,SHSE.588230,SZSE.159363,SZSE.159368,SHSE.588780",1.2238476788525512,1.3888520238885207
2025-06-27,0.0057662650113086454,1.3109749510181812,"SHSE.512710,SZSE.159227,SZSE.159887,SZSE.159363,SHSE.513750,SHSE.512880,SHSE.515880,SZSE.159368,SZSE.159566,SHSE.516650",1.2167857410593406,1.3941605839416065
2025-06-30,0.01841610477540135,1.3351180030740588,"SHSE.515880,SZSE.159363,SZSE.159227,SZSE.159949,SHSE.561380,SHSE.516650,SZSE.159732,SZSE.159206,SHSE.513750,SZSE.159366",1.222619556842929,1.4153948241539487
2025-07-01,0.0026102639167875155,1.3386030134221365,"SHSE.512710,SHSE.515880,SZSE.159363,SZSE.159206,SHSE.588230,SZSE.159368,SHSE.563300,SZSE.159570,SHSE.561380,SZSE.159366",1.2244618973492845,1.4107498341074987
2025-07-02,-0.01580226228070267,1.3174500575143009,"SHSE.588230,SHSE.561330,SZSE.159570,SZSE.159869,SHSE.588170,SZSE.159206,SZSE.159227,SZSE.159732,SHSE.513750,SHSE.513190",1.2256900193589066,1.3961512939615135
2025-07-03,0.005176242966067713,1.324269499107655,"SHSE.512400,SHSE.588830,SZSE.159399,SZSE.159545,SZSE.159869,SZSE.159227,SZSE.159201,SZSE.159930,SHSE.588230,SZSE.159570",1.232751642168273,1.4207033842070345
2025-07-04,-0.008446763098905746,1.3130837083695859,"SZSE.159570,SHSE.588830,SHSE.515880,SZSE.159368,SHSE.560860,SZSE.159732,SHSE.517520,SZSE.159363,SZSE.159545,SZSE.159206",1.2379715544389724,1.415394824153949
2025-07-07,-0.0036390501107889397,1.3083053309551684,"SZSE.159506,SZSE.159887,SHSE.510720,SZSE.159201,SZSE.159595,SZSE.159399,SHSE.515050,SHSE.588170,SZSE.159545,SHSE.588230",1.2324448479037504,1.4001327140013275
2025-07-08,0.01182713329349714,1.323778832492968,"SHSE.513090,SZSE.159887,SHSE.510210,SZSE.159326,SZSE.159545,SHSE.561380,SZSE.159570,SHSE.512040,SHSE.515050,SHSE.588170",1.2428840424774608,1.432647644326477
2025-07-09,-0.003331515227297104,1.319368643154944,"SHSE.513090,SHSE.515050,SZSE.159363,SHSE.560280,SHSE.561380,SZSE.159792,SZSE.159887,SZSE.159566,SZSE.159368,SZSE.159326",1.2419630297162052,1.4353019243530198
2025-07-10,0.0033446199114804133,1.323781429789423,"SZSE.159869,SZSE.159363,SZSE.159570,SZSE.159566,SZSE.159611,SZSE.159368,SHSE.561380,SHSE.515100,SHSE.515220,SZSE.159326",1.248103639764316,1.4392833443928341
2025-07-11,0.012237125875475326,1.339980709777373,"SHSE.513090,SHSE.513190,SHSE.515220,SZSE.159368,SHSE.513750,SZSE.159363,SHSE.515050,SZSE.159566,SHSE.560860,SZSE.159697",1.2524022242899158,1.4499004644990052
2025-07-14,-0.00030144677690126313,1.3395767769113007,"SHSE.513090,SHSE.513750,SHSE.560860,SZSE.159366,SHSE.513190,SHSE.588230,SZSE.159570,SHSE.515880,SZSE.159368,SHSE.588780",1.252095115041549,1.4445919044459195
2025-07-15,0.003523396955708591,1.344296637649008,"SZSE.159570,SHSE.513910,SHSE.562500,SHSE.513750,SHSE.560860,SHSE.517520,SHSE.561380,SZSE.159366,SZSE.159326,SZSE.159201",1.252095115041549,1.4678168546781691
2025-07-16,0.0036686460205812,1.3492283861591998,"SZSE.159570,SHSE.516510,SHSE.515880,SHSE.561380,SZSE.159366,SZSE.159792,SHSE.588230,SZSE.159887,SZSE.159368,SHSE.560860",1.2493317617739381,1.4638354346383549
2025-07-17,0.022383046765228072,1.3794282282235746,"SZSE.159570,SZSE.159366,SZSE.159792,SZSE.159323,SHSE.562500,SHSE.588230,SZSE.159363,SHSE.515880,SHSE.560280,SHSE.513910",1.2594641620831262,1.4910418049104186
2025-07-18,0.003452413220447053,1.3841905844753515,"SZSE.159570,SHSE.516510,SHSE.515050,SHSE.588230,SZSE.159366,SHSE.561380,SZSE.159323,SZSE.159378,SZSE.159227,SHSE.513910",1.2686749196633695,1.4943596549435971
2025-07-21,0.008355931071042245,1.395756785588413,"SZSE.159992,SZSE.159792,SZSE.159227,SZSE.159363,SHSE.515880,SHSE.588230,SZSE.159366,SHSE.560860,SHSE.513750,SHSE.515220",1.2763510759533134,1.5096217650962185
2025-07-22,0.014430776853499094,1.4158986403029965,"SHSE.513090,SHSE.561380,SHSE.560860,SZSE.159570,SHSE.515880,SZSE.159326,SHSE.515220,SHSE.520880,SHSE.588230,SHSE.513750",1.2898607330430012,1.5189117451891183
2025-07-23,-0.012023253411109153,1.3988749321461889,"SZSE.159745,SHSE.561330,SHSE.561380,SHSE.515220,SZSE.159326,SZSE.159323,SZSE.159399,SZSE.159570,SHSE.520880,SZSE.159363",1.289246514546268,1.5175846051758468
2025-07-24,0.01743147214735947,1.4232593815635344,"SHSE.513090,SHSE.513750,SZSE.159636,SHSE.588170,SHSE.561330,SHSE.515220,SZSE.159366,SZSE.159570,SZSE.159326,SZSE.159758",1.2972294651007341,1.5428002654280035
2025-07-25,0.0001830964342066338,1.4235199752812497,"SHSE.513090,SHSE.513750,SHSE.560860,SZSE.159366,SHSE.515220,SHSE.588170,SZSE.159636,SZSE.159570,SHSE.515880,SHSE.588230",1.2904746365558901,1.5381552753815535
2025-07-28,0.0035533852425550503,1.4285782901538966,"SZSE.159366,SHSE.512170,SHSE.588790,SHSE.588170,SHSE.560860,SHSE.588230,SHSE.513750,SHSE.515220,SHSE.589000,SHSE.561380",1.2938522083202342,1.5540809555408104
2025-07-29,0.017825178875905904,1.4540429537141255,"SHSE.513090,SZSE.159570,SHSE.513750,SHSE.588230,SZSE.159366,SZSE.159227,SHSE.515050,SHSE.588790,SHSE.560860,SZSE.159206",1.3002999276167115,1.581287325812874
2025-07-30,-0.0065468818253543865,1.44452350632717,"SZSE.159506,SHSE.515880,SHSE.588230,SZSE.159366,SZSE.159363,SHSE.589000,SHSE.515210,SHSE.513750,SZSE.159227,SHSE.560860",1.2993785998716114,1.5560716655607174
2025-07-31,-0.011467392334986604,1.4279585885430057,"SZSE.159366,SHSE.512010,SHSE.515880,SZSE.159731,SHSE.588230,SZSE.159691,SZSE.159363,SHSE.513750,SZSE.159227,SZSE.159399",1.27573685745658,1.5268745852687464
2025-08-01,-0.007728617835391775,1.4169224423273914,"SZSE.159570,SHSE.515880,SHSE.588230,SHSE.588790,SHSE.588020,SZSE.159227,SZSE.159366,SHSE.589000,SZSE.159792,SZSE.159206",1.268982028911736,1.5282017252820177
2025-08-04,0.008412819387280297,1.4288427549204759,"SHSE.588230,SZSE.159869,SHSE.515880,SHSE.512040,SHSE.515650,SZSE.159570,SZSE.159636,SHSE.589000,SZSE.159326,SZSE.159368",1.2748158446953242,1.534837425348375
2025-08-05,0.0060465211098182665,1.4374822828007132,"SHSE.588020,SHSE.588790,SHSE.589000,SHSE.588780,SZSE.159227,SZSE.159206,SHSE.517520,SHSE.588230,SZSE.159758,SZSE.159570",1.2843340265077792,1.5394824153948246
2025-08-06,0.012894456550997958,1.4560178356391162,"SHSE.562500,SZSE.159570,SZSE.159206,SHSE.515880,SHSE.563020,SHSE.588230,SHSE.589000,SHSE.515220,SZSE.159366,SHSE.513750",1.2877112832882787,1.5500995355009959
2025-08-07,-0.0008159288775875205,1.4548298286407357,"SHSE.588230,SHSE.588220,SHSE.588790,SZSE.159227,SZSE.159206,SHSE.588780,SHSE.517520,SHSE.560860,SZSE.159570,SHSE.589000",1.2874041740399123,1.5394824153948246
2025-08-08,-0.005764729194913625,1.4464431286539392,"SHSE.516150,SHSE.560860,SZSE.159206,SHSE.588780,SHSE.513750,SHSE.588230,SHSE.513690,SZSE.159227,SZSE.159930,SHSE.512480",1.2843340265077792,1.534173855341739
2025-08-11,0.009481550571760798,1.4601576523274473,"SHSE.562800,SHSE.560280,SHSE.517520,SZSE.159326,SZSE.159368,SZSE.159206,SZSE.159227,SZSE.159323,SHSE.561380,SZSE.159399",1.2901678422913674,1.564034505640346
2025-08-12,0.008454778271236602,1.4725029615189251,"SHSE.515880,SHSE.561380,SZSE.159667,SHSE.588230,SZSE.159368,SZSE.159323,SHSE.561330,SZSE.159206,SZSE.159363,SHSE.589000",1.2981507928458333,1.5826144658261454
2025-08-13,0.025636293362828334,1.5102524794180576,"SHSE.515880,SHSE.588020,SZSE.159363,SHSE.561380,SHSE.561330,SHSE.515220,SZSE.159566,SHSE.513750,SZSE.159732,SZSE.159368",1.3088967816840658,1.6410086264100872
2025-08-14,-0.00965591303308254,1.4956696128187996,"SHSE.515880,SZSE.159363,SHSE.561380,SZSE.159949,SHSE.588230,SZSE.159506,SZSE.159366,SHSE.560860,SZSE.159368,SHSE.589000",1.3067476469131882,1.6230922362309235
2025-08-15,0.01837358568969179,1.523150426613394,"SHSE.588020,SHSE.588780,SHSE.513750,SZSE.159599,SHSE.560050,SZSE.159570,SHSE.561380,SHSE.520880,SHSE.513910,SZSE.159566",1.3187220727448874,1.6648971466489724
2025-08-18,0.020759841393018508,1.5547707878875965,"SHSE.513090,SZSE.159566,SHSE.588780,SZSE.159366,SZSE.159368,SHSE.560860,SHSE.515880,SHSE.513750,SHSE.561380,SZSE.159570",1.3285470488218645,1.7133377571333785
2025-08-19,-0.007565007020644112,1.5430089359617345,"SHSE.588020,SZSE.159366,SZSE.159570,SHSE.588790,SHSE.515880,SHSE.513750,SZSE.159566,SHSE.588230,SZSE.159227,SHSE.560860",1.321792535260865,1.708692767086929
2025-08-20,0.0012731159852178275,1.5449733653034412,"SHSE.515880,SHSE.516150,SZSE.159363,SHSE.561380,SHSE.588230,SZSE.159570,SZSE.159368,SZSE.159326,SHSE.515650,SZSE.159611",1.3399075711406747,1.717319177173193
2025-08-21,-0.006862086345720077,1.5343716246688912,"SHSE.588020,SHSE.588780,SHSE.588790,SZSE.159732,SHSE.589000,SHSE.588230,SZSE.159566,SZSE.159227,SZSE.159201,SZSE.159731",1.3442061556662745,1.706702057067022
2025-08-22,0.021111130458924102,1.5667639442097476,"SZSE.159851,SHSE.515880,SZSE.159819,SZSE.159732,SZSE.159731,SHSE.561380,SZSE.159366,SHSE.513690,SZSE.159399,SHSE.515220",1.3752169451228833,1.7664233576642348
2025-08-25,0.018351714962801382,1.5955167495278795,"SHSE.588020,SHSE.515050,SHSE.588780,SHSE.589000,SZSE.159732,SHSE.560050,SZSE.159870,SHSE.588230,SZSE.159570,SHSE.513750",1.401621725821681,1.8161911081619124
2025-08-26,-0.010411104751533787,1.5789056575157179,"SHSE.515880,SHSE.588020,SZSE.159363,SHSE.561380,SHSE.560860,SHSE.589000,SZSE.159206,SHSE.517520,SZSE.159792,SZSE.159368",1.3942529937639485,1.8022561380225626
2025-08-27,-0.013875764234546794,1.5569971348634377,"SHSE.515050,SZSE.159732,SZSE.159998,SHSE.560860,SZSE.159323,SHSE.589000,SHSE.517520,SZSE.159378,SZSE.159326,SZSE.159399",1.3739885081294165,1.7889847378898487
2025-08-28,0.04093482340018844,1.620732537613672,"SHSE.515880,SZSE.159819,SHSE.560860,SHSE.561380,SHSE.562800,SZSE.159732,SZSE.159368,SHSE.589000,SZSE.159206,SZSE.159399",1.39977970029917,1.8619774386197758
2025-08-29,0.0018215715606233168,1.6236848179115662,"SHSE.515880,SHSE.588200,SHSE.516150,SZSE.159732,SHSE.561380,SZSE.159206,SHSE.589000,SHSE.560860,SHSE.588230,SHSE.513750",1.4126751388921248,1.9011280690112824
2025-09-01,0.030348706182427188,1.672961551383232,"SZSE.159949,SHSE.560860,SZSE.159368,SHSE.515880,SHSE.588200,SHSE.561380,SHSE.517520,SZSE.159570,SZSE.159323,SZSE.159366",1.417280832666091,1.9422694094226958
2025-09-02,-0.02403618121003264,1.6327499443767675,"SHSE.515880,SZSE.159819,SHSE.561380,SHSE.560860,SHSE.517520,SZSE.159506,SHSE.589720,SHSE.588830,SZSE.159636,SHSE.588230",1.409297882111625,1.8898473788984753
2025-09-03,0.003909272298062252,1.6391328085039822,"SHSE.512010,SHSE.520880,SHSE.560860,SZSE.159368,SHSE.513550,SHSE.517520,SHSE.515880,SZSE.159819,SHSE.561380,SHSE.510050",1.3967092377831927,1.9044459190444607
2025-09-04,-0.05265476403637805,1.5528246572479194,"SHSE.515880,SZSE.159781,SZSE.159363,SZSE.159368,SHSE.517520,SHSE.589720,SZSE.159366,SHSE.561380,SHSE.560860,SHSE.588230",1.3681550073296729,1.8254810882548123
2025-09-05,0.046726905498331694,1.6253833482626223,"SZSE.159566,SZSE.159625,SZSE.159368,SHSE.515100,SHSE.513090,SHSE.520880,SHSE.515220,SHSE.515880,SZSE.159819,SHSE.561380",1.3982444690411815,1.9535500995355024
2025-09-08,-0.011121262114048288,1.6073070340107842,"SZSE.159566,SZSE.159368,SHSE.589720,SZSE.159570,SHSE.561330,SHSE.515880,SZSE.159363,SHSE.561380,SZSE.159691,SZSE.159326",1.3985512633057036,1.9296615792966172
2025-09-09,-0.01697429188877841,1.5800241352605986,"SZSE.159796,SZSE.159611,SHSE.561360,SZSE.159368,SHSE.588170,SZSE.159758,SZSE.159206,SZSE.159378,SHSE.515050,SZSE.159366",1.3902615184867153,1.8878566688785683
2025-09-10,0.005103135823743413,1.5880872130276262,"SHSE.517520,SHSE.513200,SZSE.159366,SZSE.159566,SZSE.159368,SHSE.560860,SZSE.159636,SHSE.513750,SHSE.515880,SZSE.159819",1.3933319810026927,1.9077637690776392
2025-09-11,0.027584764316461136,1.6318942245129788,"SZSE.159869,SHSE.513750,SZSE.159792,SHSE.513630,SHSE.515880,SHSE.513090,SZSE.159566,SZSE.159368,SZSE.159732,SHSE.561330",1.4307904897557786,2.0072992700729944
2025-09-12,-0.0036341551507155074,1.625963667711542,"SHSE.515880,SZSE.159781,SZSE.159363,SZSE.159732,SZSE.159259,SHSE.517520,SZSE.159368,SHSE.589000,SZSE.159792,SHSE.513750",1.418815748940235,1.9873921698739234
2025-09-15,-0.0028067196754206205,1.6214000434938571,"SHSE.588200,SHSE.588790,SHSE.516150,SHSE.561330,SHSE.589000,SZSE.159792,SHSE.520980,SZSE.159732,SHSE.589720,SHSE.588230",1.4212723079433238,2.015262110152623
2025-09-16,0.005116020782830933,1.6296951598136546,"SZSE.159949,SZSE.159995,SZSE.159869,SZSE.159368,SZSE.159636,SZSE.159697,SZSE.159570,SZSE.159323,SHSE.515220,SHSE.589000",1.418508954675713,2.0298606502986085
2025-09-17,0.017298046572103713,1.6578857025864433,"SHSE.588780,SHSE.588200,SZSE.159667,SHSE.589000,SZSE.159732,SZSE.159368,SHSE.520980,SZSE.159792,SZSE.159206,SHSE.560280",1.4286410400010565,2.069674850696751
2025-09-18,-0.008084099934224067,1.6444831888872131,"SZSE.159949,SHSE.588200,SZSE.159368,SHSE.520980,SZSE.159869,SZSE.159636,SHSE.560280,SHSE.515220,SZSE.159326,SHSE.589000",1.4105260041212468,2.0351692103516945
2025-09-19,-0.007783745096268242,1.6316829509298167,"SHSE.588200,SZSE.159732,SHSE.562500,SHSE.515050,SHSE.588230,SHSE.589000,SZSE.159326,SHSE.520980,SZSE.159368,SHSE.589720",1.4135964666372245,2.0318513603185155
2025-09-22,0.006864565387209118,1.6428837452376686,"SHSE.515050,SZSE.159792,SZSE.159766,SZSE.159326,SHSE.560280,SZSE.159323,SHSE.515220,SZSE.159995,SZSE.159227,SHSE.517520",1.4182018454273464,2.0451227604512296
2025-09-23,-0.002777936057615533,1.6383199192433024,"SHSE.515050,SZSE.159781,SZSE.159732,SHSE.588780,SHSE.589000,SHSE.517520,SZSE.159326,SHSE.520880,SZSE.159259,SZSE.159227",1.419122858188602,2.0524220305242227
2025-09-24,0.022433473608153613,1.6750731259133593,"SHSE.515050,SZSE.159781,SHSE.588170,SHSE.561380,SZSE.159326,SHSE.515220,SHSE.517520,SZSE.159368,SZSE.159732,SHSE.520980",1.4317115025170342,2.0968812209688146
2025-09-25,0.00468901468520231,1.6829275683995548,"SZSE.159796,SHSE.588200,SZSE.159368,SHSE.588170,SHSE.589000,SZSE.159732,SHSE.517520,SHSE.588230,SHSE.520980,SZSE.159570",1.4415367935778558,2.130723291307235
2025-09-26,-0.019213781014839525,1.6505921666364893,"SZSE.159949,SZSE.159368,SZSE.159869,SHSE.588200,SHSE.561330,SZSE.159732,SZSE.159323,SHSE.520980,SHSE.589000,SZSE.159570",1.428027136488168,2.0763105507631074
2025-09-29,0.019247750930246194,1.682362353547324,"SZSE.159707,SHSE.561330,SZSE.159599,SZSE.159368,SZSE.159566,SHSE.588170,SZSE.159636,SHSE.589000,SZSE.159323,SHSE.513630",1.4516688789031995,2.1320504313205064
2025-09-30,0.007190663293700441,1.6944596547696802,"SZSE.159796,SZSE.159368,SHSE.588170,SHSE.517520,SHSE.560860,SHSE.512070,SHSE.513750,SHSE.515050,SHSE.561380,SZSE.159967",1.4556603541804325,2.134704711347049
2025-10-09,0.022076502037585866,1.7318673967908103,"SZSE.159796,SHSE.561330,SHSE.512710,SHSE.520980,SHSE.588780,SZSE.159227,SZSE.159368,SZSE.159599,SHSE.561380,SZSE.159366",1.4786881930825748,2.1466489714664916
2025-10-10,-0.030863522189453495,1.678415868960766,"SHSE.588200,SHSE.561330,SHSE.562800,SZSE.159326,SHSE.561380,SZSE.159368,SHSE.588170,SZSE.159625,SZSE.159201,SZSE.159732",1.448905525635588,2.0537491705374937
2025-10-13,-0.00481663262783742,1.6703315563232495,"SHSE.515210,SZSE.159731,SHSE.515220,SZSE.159611,SHSE.561380,SZSE.159326,SHSE.512710,SZSE.159227,SHSE.513750,SHSE.512070",1.4406154658327555,2.0265428002654295
2025-10-14,-0.032174283163300246,1.6165898358535091,"SZSE.159516,SHSE.561330,SHSE.562800,SHSE.588170,SHSE.561380,SZSE.159227,SZSE.159326,SZSE.159259,SHSE.563230,SZSE.159201",1.4261847959818121,1.9469143994691458
2025-10-15,0.007500446694057002,1.6287149817434825,"SHSE.515220,SZSE.159697,SZSE.159745,SZSE.159887,SZSE.159263,SZSE.159326,SHSE.512710,SZSE.159227,SZSE.159545,SHSE.515650",1.4449140503583553,1.992700729927009
2025-10-16,-0.002796928338844038,1.6241595826551443,"SZSE.159326,SHSE.562800,SHSE.560280,SHSE.517520,SHSE.561380,SHSE.515050,SZSE.159368,SHSE.513090,SHSE.513750,SZSE.159732",1.4495197441323218,2.0000000000000018
2025-10-17,-0.029354789677693276,1.5764827197032925,"SHSE.515220,SHSE.510880,SHSE.513190,SHSE.513750,SHSE.560980,SZSE.159790,SHSE.520990,SHSE.512070,SZSE.159368,SHSE.515880",1.4197370766853352,1.9343065693430677
2025-10-20,0.010642462503631895,1.5932603779353582,"SHSE.515220,SHSE.510880,SZSE.159545,SZSE.159766,SZSE.159263,SHSE.515650,SZSE.159570,SHSE.561330,SZSE.159967,SHSE.588200",1.4246495647238238,1.9714664897146668
2025-10-21,0.021771808548623615,1.6279485378518745,"SHSE.515220,SZSE.159697,SZSE.159766,SHSE.513550,SHSE.515050,SZSE.159363,SZSE.159967,SHSE.512800,SZSE.159368,SZSE.159326",1.4461421723679777,2.0318513603185155
2025-10-22,-0.009247172390853493,1.6128946170789205,"SHSE.515880,SZSE.159781,SHSE.513750,SZSE.159363,SHSE.561380,SHSE.515220,SZSE.159732,SHSE.520990,SHSE.589000,SZSE.159259",1.441536793577856,2.0165892501658944
2025-10-23,0.003655005208908325,1.6187897553057642,"SZSE.159697,SZSE.159819,SZSE.159363,SHSE.512200,SZSE.159201,SZSE.159263,SHSE.515220,SZSE.159399,SZSE.159758,SHSE.513190",1.4470631851292335,2.0159256801592584
2025-10-24,0.00811619390658208,1.6319281668538144,"SZSE.159697,SZSE.159263,SHSE.515220,SZSE.159545,SZSE.159766,SZSE.159870,SHSE.515050,SZSE.159363,SZSE.159368,SHSE.512800",1.4645643174961545,2.0882548108825496
2025-10-27,0.022298309801894713,1.6683174066927589,"SZSE.159781,SHSE.515050,SZSE.159363,SZSE.159732,SHSE.589000,SHSE.588230,SZSE.159368,SHSE.563230,SZSE.159206,SZSE.159731",1.4817586555985534,2.1293961512939634
2025-10-28,-0.010018188212979074,1.6516038889135216,"SZSE.159781,SHSE.515050,SZSE.159363,SHSE.560860,SZSE.159732,SZSE.159259,SHSE.520980,SHSE.561380,SHSE.517520,SHSE.589000",1.474389608556976,2.126741871267421
2025-10-29,0.007567171912990861,1.6641018594730945,"SHSE.515880,SZSE.159967,SZSE.159363,SZSE.159259,SHSE.512670,SZSE.159206,SZSE.159732,SHSE.512890,SHSE.515650,SHSE.512690",1.4928117536851524,2.1897810218978124
2025-10-30,-0.017927330679345925,1.634268955154206,"SZSE.159796,SHSE.561380,SZSE.159368,SHSE.560860,SZSE.159326,SHSE.515880,SZSE.159967,SZSE.159363,SZSE.159732,SZSE.159259",1.480837327853453,2.1493032514930346
2025-10-31,-0.021269533406517598,1.599508817017319,"SHSE.560860,SHSE.562800,SZSE.159790,SZSE.159368,SZSE.159625,SHSE.515880,SZSE.159206,SHSE.561380,SZSE.159363,SZSE.159263",1.460266047954399,2.100862641008628
2025-11-03,0.0036358305092029863,1.60532435997397,"SZSE.159870,SHSE.515230,SZSE.159570,SHSE.589720,SZSE.159368,SHSE.516650,SZSE.159326,SHSE.561380,SHSE.515050,SZSE.159259",1.462415182725277,2.1074983410749852
2025-11-04,-0.014758529596969721,1.5816321328945575,"SHSE.515790,SHSE.515220,SZSE.159930,SZSE.159570,SZSE.159790,SHSE.561380,SHSE.520880,SZSE.159326,SZSE.159263,SZSE.159368",1.4519759881515666,2.0650298606503004
2025-11-05,0.011786736686207985,1.600274414379431,"SZSE.159930,SZSE.159326,SZSE.159263,SZSE.159766,SHSE.515220,SZSE.159887,SHSE.561380,SZSE.159570,SZSE.159545,SZSE.159995",1.4538180136740777,2.0849369608493715
2025-11-06,0.014535827601623804,1.62353572738214,"SHSE.515790,SHSE.561380,SZSE.159790,SZSE.159326,SHSE.515220,SZSE.159611,SZSE.159263,SHSE.561360,SZSE.159368,SZSE.159545",1.4753106213182317,2.124087591240878
2025-11-07,-0.0013818455506186117,1.6212922517609867,"SZSE.159781,SHSE.588170,SHSE.560280,SHSE.561380,SHSE.513750,SZSE.159599,SZSE.159326,SZSE.159263,SHSE.515220,SHSE.513630",1.472240158802254,2.1134704711347068
2025-11-10,0.000960592096598867,1.6228496522843054,"SZSE.159796,SZSE.159326,SZSE.159263,SHSE.561360,SZSE.159201,SZSE.159368,SHSE.588170,SHSE.561380,SHSE.513630,SHSE.515220",1.4759248398149647,2.0955540809555426
2025-11-11,-0.00326681582732856,1.6175481013548485,"SZSE.159766,SHSE.513190,SHSE.520990,SZSE.159263,SZSE.159870,SZSE.159731,SHSE.588170,SZSE.159516,SHSE.513750,SZSE.159201",1.462415182725277,2.0656934306569363
2025-11-12,-0.006610485359872099,1.6068553233119534,"SHSE.588830,SHSE.520990,SZSE.159323,SZSE.159263,SZSE.159731,SZSE.159326,SZSE.159368,SHSE.561380,SHSE.513700,SZSE.159625",1.4630290862381659,2.062375580623758
2025-11-13,0.012870521762378425,1.6275363897196333,"SHSE.520990,SHSE.513190,SHSE.513750,SZSE.159570,SZSE.159766,SHSE.589720,SHSE.515880,SZSE.159263,SZSE.159870,SZSE.159201",1.4774597560891092,2.1114797611147993
2025-11-14,-0.019886212187733922,1.5951708557304103,"SZSE.159870,SZSE.159570,SHSE.516650,SHSE.589720,SZSE.159368,SHSE.560980,SHSE.513190,SHSE.513750,SHSE.512760,SHSE.588780",1.4556603541804332,2.052422030524222
2025-11-17,-0.0032843893281860334,1.589931693595216,"SHSE.561360,SHSE.515210,SHSE.589720,SHSE.512200,SZSE.159366,SHSE.513750,SHSE.513630,SZSE.159105,SZSE.159227,SHSE.512710",1.4461421723679782,2.0464499004645007
2025-11-18,-0.02053385485529292,1.5572842669691016,"SZSE.159796,SZSE.159731,SZSE.159227,SHSE.515220,SZSE.159638,SZSE.159368,SHSE.515050,SZSE.159363,SZSE.159570,SHSE.520880",1.43785242754899,2.0245520902455225
2025-11-19,0.0013709492655933982,1.5594192246912228,"SHSE.515170,SZSE.159363,SHSE.588220,SZSE.159107,SHSE.561360,SZSE.159227,SZSE.159570,SHSE.512710,SZSE.159263,SZSE.159201",1.442150697090745,2.0285335102853366
2025-11-20,-0.006248265356363782,1.549675559573537,"SHSE.562800,SHSE.516650,SZSE.159930,SZSE.159227,SHSE.512710,SZSE.159967,SHSE.513690,SZSE.159363,SZSE.159107,SHSE.512070",1.4357029777942678,2.00796284007963
2025-11-21,-0.03653906133392617,1.493051869254593,"SZSE.159887,SHSE.515880,SZSE.159363,SHSE.562800,SHSE.515100,SZSE.159570,SHSE.520880,SHSE.513750,SZSE.159105,SHSE.512070",1.4013149315571594,1.9270072992700744
2025-11-24,0.007436984036276755,1.5041556721715725,"SHSE.513630,SHSE.512690,SHSE.515650,SHSE.510720,SZSE.159399,SHSE.512710,SHSE.510050,SZSE.159636,SHSE.563380,SZSE.159263",1.3991657967862818,1.9296615792966172
2025-11-25,0.008615735803456141,1.5171150800502728,"SHSE.512980,SZSE.159227,SZSE.159638,SHSE.589720,SZSE.159570,SHSE.513630,SZSE.159636,SHSE.560280,SHSE.588230,SHSE.589000",1.411447016882503,1.964830789648309
2025-11-26,0.0038781481326441566,1.5229986770649762,"SHSE.512980,SZSE.159363,SHSE.560860,SZSE.159506,SHSE.588230,SHSE.589720,SZSE.159227,SHSE.563230,SZSE.159368,SHSE.561380",1.4203512951820692,2.0086264100862654
2025-11-27,0.00046406057982011594,1.5237054407141202,"SZSE.159819,SHSE.515880,SZSE.159570,SHSE.520880,SZSE.159259,SZSE.159105,SHSE.588220,SHSE.560280,SZSE.159206,SHSE.588230",1.4191228581886026,1.9986728599867298
2025-11-28,0.007708388627470507,1.5354507544049358,"SHSE.515880,SHSE.588780,SHSE.588220,SHSE.588230,SZSE.159206,SHSE.589720,SHSE.515450,SZSE.159967,SZSE.159259,SZSE.159570",1.4231143334658358,2.013934970139351
2025-12-01,0.011772157708023489,1.5535263228386942,"SZSE.159206,SHSE.560980,SHSE.512760,SZSE.159870,SHSE.588170,SHSE.563230,SHSE.588230,SZSE.159259,SZSE.159697,SHSE.561380",1.439080234574768,2.0391506303915077
2025-12-02,-0.005770270896745664,1.5445620551106898,"SHSE.560860,SHSE.515880,SHSE.517520,SZSE.159206,SHSE.512480,SZSE.159732,SHSE.561380,SZSE.159766,SZSE.159227,SZSE.159781",1.4326325152782906,2.025215660252158
2025-12-03,-0.00832567173740929,1.53170253846178,"SHSE.515880,SZSE.159206,SZSE.159732,SHSE.513630,SZSE.159227,SZSE.159745,SHSE.512400,SZSE.159930,SZSE.159363,SZSE.159949",1.4261847959818132,2.00331785003318
2025-12-04,0.0035004967511976263,1.5370642582214664,"SHSE.560860,SHSE.517520,SZSE.159399,SZSE.159263,SZSE.159201,SZSE.159766,SHSE.561380,SHSE.515880,SZSE.159516,SZSE.159206",1.4298691620106798,2.0245520902455225
2025-12-05,0.012872238913527534,1.5568497165787372,"SZSE.159206,SZSE.159781,SHSE.588200,SHSE.563230,SHSE.560280,SHSE.588170,SZSE.159399,SZSE.159323,SZSE.159570,SHSE.589720",1.4424578063391122,2.049767750497679
2025-12-08,0.012502781109221216,1.5763146678050743,"SHSE.560860,SHSE.517520,SZSE.159206,SHSE.561380,SHSE.563230,SZSE.159326,SHSE.512070,SHSE.588230,SHSE.560980,SZSE.159781",1.4528970009128226,2.104180491041806
2025-12-09,0.006584745148015837,1.58669429816565,"SHSE.515880,SZSE.159949,SHSE.588020,SZSE.159363,SZSE.159259,SHSE.588230,SHSE.512070,SZSE.159368,SZSE.159206,SHSE.563230",1.44552826885509,2.1154611811546133
2025-12-10,0.0031118227465345358,1.5916318095744786,"SHSE.515880,SZSE.159819,SZSE.159206,SHSE.561380,SHSE.560980,SZSE.159259,SHSE.588230,SZSE.159326,SZSE.159732,SHSE.563230",1.4436859283487342,2.118115461181156
2025-12-11,-0.017884380620384475,1.5631664604845374,"SHSE.515880,SZSE.159363,SZSE.159206,SZSE.159667,SHSE.588230,SHSE.560280,SZSE.159259,SHSE.512200,SHSE.517520,SHSE.561380",1.4332467337750239,2.0875912408759136
2025-12-12,0.020672050258979516,1.595480316118825,"SHSE.588020,SZSE.159206,SHSE.563230,SZSE.159326,SHSE.588170,SHSE.515880,SHSE.561380,SZSE.159259,SHSE.560280,SHSE.589720",1.44122968432949,2.1061712010617133
2025-12-15,-0.01002061861888592,1.5794926163570586,"SHSE.588020,SHSE.588170,SHSE.561380,SHSE.563230,SHSE.588230,SZSE.159326,SHSE.560280,SZSE.159363,SZSE.159378,SZSE.159732",1.4329396245266572,2.0703384207033855
2025-12-16,-0.013634845630556535,1.5579564783584263,"SZSE.159206,SHSE.517520,SZSE.159227,SHSE.512070,SHSE.513750,SZSE.159825,SHSE.515650,SZSE.159516,SHSE.588170,SHSE.561380",1.418508954675714,2.030524220305243
2025-12-17,0.01232585698276592,1.577159627096046,"SZSE.159206,SZSE.159638,SHSE.512070,SZSE.159825,SHSE.512880,SZSE.159731,SZSE.159399,SHSE.588170,SZSE.159326,SHSE.513750",1.4427649155874789,2.0995355009953562
2025-12-18,-0.005107076527619303,1.5691049521841949,"SHSE.515050,SHSE.561330,SHSE.562800,SHSE.588020,SZSE.159259,SZSE.159206,SHSE.512070,SZSE.159363,SZSE.159967,SHSE.563230",1.4332467337750239,2.051758460517586
2025-12-19,0.005407409204473428,1.5775897447454204,"SZSE.159206,SHSE.563230,SZSE.159869,SZSE.159731,SHSE.512070,SHSE.515300,SHSE.515050,SZSE.159259,SZSE.159263,SZSE.159545",1.4393873438231344,2.0617120106171214
2025-12-22,0.007547571557363859,1.5894967162320497,"SZSE.159227,SHSE.512710,SHSE.562800,SHSE.560860,SHSE.513200,SZSE.159366,SZSE.159105,SHSE.513750,SHSE.515880,SZSE.159363",1.4522830973999334,2.1068347710683484
2025-12-23,-0.004673806193292376,1.5820677166355064,"SHSE.515880,SHSE.561330,SZSE.159516,SHSE.562800,SZSE.159326,SZSE.159259,SZSE.159206,SHSE.563230,SHSE.561380,SZSE.159707",1.4553532449320665,2.1134704711347054
2025-12-24,0.0070992953464452295,1.593299282613978,"SZSE.159516,SHSE.512400,SHSE.562800,SHSE.588170,SZSE.159259,SZSE.159967,SHSE.561380,SZSE.159326,SZSE.159368,SHSE.513920",1.4605728422189215,2.1313868613138696
2025-12-25,0.016515624974078692,1.6196136160370993,"SHSE.515880,SZSE.159259,SHSE.512480,SHSE.588220,SZSE.159206,SHSE.563230,SZSE.159870,SHSE.517520,SZSE.159732,SHSE.588230",1.4633361954865325,2.1380225613802266
2025-12-26,0.008964048196436175,1.63413191055086,"SZSE.159206,SHSE.563230,SZSE.159870,SHSE.588230,SHSE.588020,SZSE.159259,SHSE.588790,SHSE.512070,SHSE.516160,SHSE.515880",1.4688629020217545,2.1406768414067696
2025-12-29,-0.003973408965271631,1.6276388361670409,"SHSE.560860,SZSE.159206,SHSE.563230,SHSE.516160,SZSE.159368,SHSE.517520,SHSE.515880,SHSE.588780,SZSE.159259,SZSE.159825",1.4624151827252774,2.12674187126742
2025-12-30,0.005644857689507131,1.636826625767119,"SZSE.159206,SHSE.563230,SHSE.588780,SHSE.562500,SHSE.561360,SHSE.588790,SZSE.159259,SHSE.588230,SHSE.589000,SHSE.515300",1.4654853302574102,2.142667551426677
2025-12-31,0.007837642152623845,1.6496554871257683,"SHSE.560860,SHSE.562500,SHSE.588780,SHSE.516520,SHSE.588790,SZSE.159206,SHSE.563230,SZSE.159323,SZSE.159259,SHSE.520980",1.4593447202092997,2.114134041141342
2026-01-05,0.01437751453353395,1.673373432867243,"SHSE.560860,SZSE.159206,SHSE.563230,SZSE.159766,SHSE.516510,SZSE.159107,SZSE.159887,SZSE.159399,SZSE.159707,SZSE.159930",1.487285047149931,2.1771731917717334
2026-01-06,0.028316888758850356,1.7207581622177601,"SHSE.588200,SHSE.588780,SHSE.520980,SHSE.561330,SHSE.562800,SZSE.159206,SHSE.563230,SZSE.159792,SHSE.588230,SHSE.513200",1.5103128860520736,2.1917717319177186
2026-01-07,0.014748319126432994,1.746136452733562,"SZSE.159516,SHSE.561330,SZSE.159206,SHSE.563230,SHSE.588170,SHSE.562800,SHSE.513090,SHSE.512070,SHSE.513750,SZSE.159366",1.504786179516852,2.197080291970804
2026-01-08,0.005932363603552166,1.7564951690725945,"SZSE.159516,SHSE.560860,SHSE.588170,SHSE.588230,SHSE.588220,SZSE.159570,SHSE.589720,SZSE.159105,SHSE.563230,SHSE.589000",1.4931188629335195,2.1811546118115475
2026-01-09,0.034225987860363245,1.8166129514060598,"SZSE.159206,SHSE.588230,SHSE.563230,SHSE.512980,SHSE.589000,SHSE.513700,SZSE.159516,SHSE.560860,SZSE.159366,SZSE.159105",1.4998736914783635,2.1990710019907116
2026-01-12,0.052038687756469006,1.9111471055586373,"SZSE.159206,SHSE.588230,SHSE.563230,SHSE.512980,SZSE.159107,SHSE.560860,SHSE.588020,SHSE.589720,SZSE.159366,SHSE.517520",1.508470860529563,2.2368944923689464
2026-01-13,-0.0360066546839003,1.842333091678652,"SZSE.159638,SHSE.516150,SZSE.159363,SZSE.159206,SHSE.588790,SHSE.588230,SZSE.159851,SHSE.589000,SZSE.159792,SHSE.516520",1.5032509482588634,2.193762441937626
2026-01-14,0.010882016003473513,1.862381389866028,"SHSE.561380,SHSE.517520,SHSE.512170,SZSE.159366,SZSE.159326,SHSE.516510,SZSE.159206,SHSE.588230,SHSE.563230,SHSE.588790",1.494039875694775,2.2110152621101538
2026-01-15,-0.026108836729555246,1.8137567782298538,"SHSE.512980,SZSE.159363,SHSE.563230,SZSE.159366,SHSE.517520,SHSE.513200,SHSE.560860,SZSE.159105,SZSE.159206,SHSE.520980",1.4968032289623858,2.2242866622428674
2026-01-16,0.011990530046042055,1.8355046833754314,"SHSE.560860,SZSE.159516,SHSE.588170,SHSE.560980,SZSE.159326,SHSE.517520,SZSE.159323,SHSE.513630,SZSE.159366,SHSE.561380",1.4918907409238975,2.2203052422030534
2026-01-19,0.008254398665273676,1.8506556707839892,"SZSE.159516,SHSE.588220,SHSE.588170,SHSE.588230,SZSE.159326,SZSE.159732,SHSE.560860,SHSE.589000,SHSE.561380,SZSE.159368",1.4923934551396854,2.2017252820172537
2026-01-20,-0.01000749416876021,1.8321352449502353,"SHSE.561380,SHSE.560980,SZSE.159326,SZSE.159870,SZSE.159625,SZSE.159516,SHSE.588170,SHSE.512710,SHSE.563380,SZSE.159201",1.4879836813169847,2.16522893165229
2026-01-21,0.004747780218912133,1.8408338204245818,"SHSE.517520,SZSE.159870,SZSE.159766,SZSE.159201,SZSE.159263,SZSE.159707,SZSE.159516,SHSE.561380,SHSE.588170,SZSE.159326",1.4898735843838564,2.177173191771733
2026-01-22,0.002835658461327309,1.8460537964233663,"SHSE.517520,SZSE.159667,SHSE.588780,SHSE.588200,SHSE.561380,SZSE.159326,SHSE.588230,SZSE.159259,SHSE.589000,SZSE.159201",1.4889286328504205,2.1997345719973467
2026-01-23,0.008890465242301214,1.8624660735358864,"SZSE.159870,SZSE.159259,SZSE.159930,SHSE.517520,SHSE.588780,SZSE.159227,SHSE.512670,SHSE.588200,SHSE.588080,SZSE.159201",1.4816840044274122,2.214333112143332
